{"cameraMode":{"drawMode":0,"name":"Shaded","section":"Shading Mode"},"sceneLighting":true,"audioPlay":false,"sceneViewState":{"showFog":true,"showMaterialUpdate":false,"showSkybox":true,"showFlares":true,"showImageEffects":true,"showParticleSystems":true},"in2DMode":false,"pivot":{"x":0.05324745178222656,"y":1.3905816078186036,"z":7.556488990783691},"rotation":{"x":0.11372789740562439,"y":-0.07593142986297608,"z":0.008717700839042664,"w":0.990567684173584},"size":4.940209865570068,"orthographic":false}